,0.0,1.0,2.0,accuracy,macro avg,weighted avg
precision,0.9636363636363636,0.9788199697428139,0.9631811487481591,0.9685,0.9685458273757789,0.9685218649793833
recall,0.9739663093415007,0.9743975903614458,0.9575402635431918,0.9685,0.968634721082046,0.9685
f1-score,0.9687738004569687,0.9766037735849057,0.9603524229074891,0.9685,0.9685766656497878,0.9684974511022965
support,653.0,664.0,683.0,0.9685,2000.0,2000.0
