,0.0,1.0,2.0,3.0,accuracy,macro avg,weighted avg
precision,0.958904109589041,0.969758064516129,0.9837067209775967,0.9860557768924303,0.9745,0.9746061679937993,0.9746306874018775
recall,0.98,0.9658634538152611,0.9797160243407708,0.9724950884086444,0.9745,0.9745186416411691,0.9745
f1-score,0.9693372898120672,0.9678068410462776,0.9817073170731707,0.9792284866468843,0.9745,0.9745199836445999,0.9745227293837085
support,500.0,498.0,493.0,509.0,0.9745,2000.0,2000.0
